{
  "name": "angular",
  "version": "0.0.0",
  "license": "MIT",
  "scripts": {
    "ng": "ng",
    "start": "ng serve",
    "build": "ng build",
    "test": "ng test",
    "lint": "ng lint",
    "e2e": "ng e2e"
  },
  "private": true,
  "dependencies": {
    "@angular/common": "^4.1.0",
    "@angular/compiler": "^4.1.0",
    "@angular/core": "^4.1.0",
    "@angular/forms": "^4.1.0",
    "@angular/http": "^4.1.0",
    "@angular/platform-browser": "^4.1.0",
    "@angular/platform-browser-dynamic": "^4.1.0",
    "@angular/router": "^4.1.0",
    "core-js": "^2.4.1",
    "express-http-proxy": "^1.0.1",
    "gun": "https://github.com/amark/gun.git#master",
    "ngx-pipes": "^2.0.5",
    "rxjs": "^5.3.0",
    "underscore": "^1.8.3",
    "zone.js": "^0.8.9"
  },
  "devDependencies": {
    "@angular/cli": "1.0.0",
    "@angular/compiler-cli": "^4.1.0",
    "@types/jasmine": "2.5.38",
    "@types/node": "~6.0.60",
    "@types/underscore": "^1.8.0",
    "codelyzer": "^2.1.1",
    "jasmine-core": "^2.6.1",
    "jasmine-spec-reporter": "^4.0.0",
    "karma": "^1.6.0",
    "karma-chrome-launcher": "~2.0.0",
    "karma-cli": "~1.0.1",
    "karma-coverage-istanbul-reporter": "^1.2.0",
    "karma-jasmine": "~1.1.0",
    "karma-jasmine-html-reporter": "^0.2.2",
    "protractor": "~5.1.0",
    "ts-node": "^3.0.2",
    "tslint": "~4.5.0",
    "typescript": "^2.3.2"
  }
}
